{"cameraMode":{"drawMode":0,"name":"Shaded","section":"Shading Mode"},"sceneLighting":false,"audioPlay":false,"sceneViewState":{"m_AlwaysRefresh":false,"showFog":true,"showSkybox":false,"showFlares":true,"showImageEffects":true,"showParticleSystems":true,"showVisualEffectGraphs":true,"m_FxEnabled":true},"in2DMode":false,"pivot":{"x":-0.01929733157157898,"y":0.2331237941980362,"z":-2.9802322387695315e-8},"rotation":{"x":-0.1659974604845047,"y":-0.0215970017015934,"z":0.0036364924162626268,"w":-0.9858832359313965},"size":0.3284129798412323,"orthographic":false}