{"cameraMode":{"drawMode":0,"name":"Shaded","section":"Shading Mode"},"sceneLighting":true,"audioPlay":false,"sceneViewState":{"m_AlwaysRefresh":false,"showFog":true,"showSkybox":true,"showFlares":true,"showImageEffects":true,"showParticleSystems":true,"showVisualEffectGraphs":true,"m_FxEnabled":true},"in2DMode":false,"pivot":{"x":-0.315151572227478,"y":2.3467602729797365,"z":-1.411024570465088},"rotation":{"x":-0.1659974604845047,"y":-0.0215970017015934,"z":0.0036364924162626268,"w":-0.9858832359313965},"size":3.0761892795562746,"orthographic":false}