{"cameraMode":{"drawMode":0,"name":"Shaded","section":"Shading Mode"},"sceneLighting":true,"audioPlay":false,"sceneViewState":{"m_AlwaysRefresh":false,"showFog":true,"showSkybox":true,"showFlares":true,"showImageEffects":true,"showParticleSystems":true,"showVisualEffectGraphs":true,"m_FxEnabled":true},"in2DMode":false,"pivot":{"x":-26.152427673339845,"y":159.9739990234375,"z":-129.2369842529297},"rotation":{"x":-0.0018361101392656565,"y":0.990275502204895,"z":0.13873551785945893,"w":0.013358174823224545},"size":147.8247833251953,"orthographic":false}