{"cameraMode":{"drawMode":0,"name":"Shaded","section":"Shading Mode"},"sceneLighting":true,"audioPlay":false,"sceneViewState":{"m_AlwaysRefresh":false,"showFog":true,"showSkybox":true,"showFlares":true,"showImageEffects":true,"showParticleSystems":true,"showVisualEffectGraphs":true,"m_FxEnabled":true},"in2DMode":false,"pivot":{"x":1.0487256050109864,"y":0.8269283771514893,"z":-0.4662470817565918},"rotation":{"x":-0.13730013370513917,"y":-0.08991049230098725,"z":0.012515608221292496,"w":-0.9863616824150086},"size":5.746543884277344,"orthographic":false}