{"cameraMode":{"drawMode":0,"name":"Shaded","section":"Shading Mode"},"sceneLighting":true,"audioPlay":false,"sceneViewState":{"m_AlwaysRefresh":false,"showFog":true,"showSkybox":true,"showFlares":true,"showImageEffects":true,"showParticleSystems":true,"showVisualEffectGraphs":true,"m_FxEnabled":true},"in2DMode":false,"pivot":{"x":3.386599063873291,"y":-3.111140012741089,"z":13.277512550354004},"rotation":{"x":0.17067992687225343,"y":0.11970457434654236,"z":-0.020885078236460687,"w":0.9778203964233398},"size":8.46338939666748,"orthographic":false}